Arquivo_Origem;Condominio;Periodo_Inicio;Periodo_Fim;Ano;Mes;Mes_Ano;Grupo;Categoria;Valor;Valor_Entrada;Valor_Saida;Valor_Resultante;Origem_Extracao;Hash
Pasta Digital 01_2025 Candelaria.pdf;CANDELÁRIA Síndico;01/01/2025;31/01/2025;2025;1;2025-01;Entrada;Atualização Monetária;8.1;8.1;0.0;8.1;Balancete/Categorias;41b598c59d8f98495ec11241794f3db1
Pasta Digital 01_2025 Candelaria.pdf;CANDELÁRIA Síndico;01/01/2025;31/01/2025;2025;1;2025-01;Entrada;Cotas do Mês;10820.26;10820.26;0.0;10820.26;Balancete/Categorias;262041567ae0ea0092749d7bf55e23ac
Pasta Digital 01_2025 Candelaria.pdf;CANDELÁRIA Síndico;01/01/2025;31/01/2025;2025;1;2025-01;Entrada;Fundo de Obras;937.79;937.79;0.0;937.79;Balancete/Categorias;472e816edcd5faee6e90cf4ba106e415
Pasta Digital 01_2025 Candelaria.pdf;CANDELÁRIA Síndico;01/01/2025;31/01/2025;2025;1;2025-01;Entrada;Honorário de Cobrança;168.68;168.68;0.0;168.68;Balancete/Categorias;5dc55351495dd2b2b11e1a04294cf2e2
Pasta Digital 01_2025 Candelaria.pdf;CANDELÁRIA Síndico;01/01/2025;31/01/2025;2025;1;2025-01;Entrada;Juros;63.12;63.12;0.0;63.12;Balancete/Categorias;fb9dbe91648d979d3d99a4611b4b7251
Pasta Digital 01_2025 Candelaria.pdf;CANDELÁRIA Síndico;01/01/2025;31/01/2025;2025;1;2025-01;Entrada;Multas;194.15;194.15;0.0;194.15;Balancete/Categorias;d771a7fc18a276f686c821b44d6db8f6
Pasta Digital 01_2025 Candelaria.pdf;CANDELÁRIA Síndico;01/01/2025;31/01/2025;2025;1;2025-01;Entrada;Tarifa bancária;376.0;376.0;0.0;-376.0;Balancete/Categorias;afd5006de5dd4b704d14645afa30ae8b
Pasta Digital 01_2025 Candelaria.pdf;CANDELÁRIA Síndico;01/01/2025;31/01/2025;2025;1;2025-01;Entrada;Taxa fixa Copasa;3436.99;3436.99;0.0;3436.99;Balancete/Categorias;8889f581c0f06161193ff8f8105c2bc4
Pasta Digital 01_2025 Candelaria.pdf;CANDELÁRIA Síndico;01/01/2025;31/01/2025;2025;1;2025-01;Entrada;Água;3644.57;3644.57;0.0;3644.57;Balancete/Categorias;cbffa18a922ae64b211da3ba8c5d7ab6
Pasta Digital 02_2025 Candelaria.pdf;CANDELÁRIA Síndico;01/02/2025;28/02/2025;2025;2;2025-02;Entrada;Atualização Monetária;2.95;2.95;0.0;2.95;Balancete/Categorias;462ce6f2aa6b39b97a36c62f688feb8d
Pasta Digital 02_2025 Candelaria.pdf;CANDELÁRIA Síndico;01/02/2025;28/02/2025;2025;2;2025-02;Entrada;Cotas do Mês;10200.0;10200.0;0.0;10200.0;Balancete/Categorias;0f76d1e6d3224eac9359117cdfae638c
Pasta Digital 02_2025 Candelaria.pdf;CANDELÁRIA Síndico;01/02/2025;28/02/2025;2025;2;2025-02;Entrada;Fundo de Obras;860.0;860.0;0.0;860.0;Balancete/Categorias;74559372d430f818710f27610307cec6
Pasta Digital 02_2025 Candelaria.pdf;CANDELÁRIA Síndico;01/02/2025;28/02/2025;2025;2;2025-02;Entrada;Honorário de Cobrança;108.35;108.35;0.0;108.35;Balancete/Categorias;c2d97cace223d129e9d78ea8695429d2
Pasta Digital 02_2025 Candelaria.pdf;CANDELÁRIA Síndico;01/02/2025;28/02/2025;2025;2;2025-02;Entrada;Juros;50.1;50.1;0.0;50.1;Balancete/Categorias;9cfd7e3e0552a9b0ab81be0ff6539689
Pasta Digital 02_2025 Candelaria.pdf;CANDELÁRIA Síndico;01/02/2025;28/02/2025;2025;2;2025-02;Entrada;Multas;118.44;118.44;0.0;118.44;Balancete/Categorias;5bc3c39813a201adef5bac8f66d48bff
Pasta Digital 02_2025 Candelaria.pdf;CANDELÁRIA Síndico;01/02/2025;28/02/2025;2025;2;2025-02;Entrada;Tarifa bancária;344.0;344.0;0.0;-344.0;Balancete/Categorias;4bcea80f61beddf84325f3e7abd08013
Pasta Digital 02_2025 Candelaria.pdf;CANDELÁRIA Síndico;01/02/2025;28/02/2025;2025;2;2025-02;Entrada;Taxa fixa Copasa;3315.11;3315.11;0.0;3315.11;Balancete/Categorias;1a767cc8ce68a511777aa579e1ffb131
Pasta Digital 02_2025 Candelaria.pdf;CANDELÁRIA Síndico;01/02/2025;28/02/2025;2025;2;2025-02;Entrada;Água;4056.82;4056.82;0.0;4056.82;Balancete/Categorias;f8928872f3e7f0471017d3d50915a302
Pasta Digital 03_2025 Candelaria.pdf;CANDELÁRIA Síndico;01/03/2025;31/03/2025;2025;3;2025-03;Entrada;Atualização Monetária;19.13;19.13;0.0;19.13;Balancete/Categorias;54ed0154ec8e9346a38bda768dfbc011
Pasta Digital 03_2025 Candelaria.pdf;CANDELÁRIA Síndico;01/03/2025;31/03/2025;2025;3;2025-03;Entrada;Cotas do Mês;12000.0;12000.0;0.0;12000.0;Balancete/Categorias;68d46d17dfdbf43ea12b138bd9563a91
Pasta Digital 03_2025 Candelaria.pdf;CANDELÁRIA Síndico;01/03/2025;31/03/2025;2025;3;2025-03;Entrada;Fundo de Obras;1010.0;1010.0;0.0;1010.0;Balancete/Categorias;02dde326a94942ad37e60a55720df33f
Pasta Digital 03_2025 Candelaria.pdf;CANDELÁRIA Síndico;01/03/2025;31/03/2025;2025;3;2025-03;Entrada;Honorário de Cobrança;241.01;241.01;0.0;241.01;Balancete/Categorias;75215208583159ab06b4d1e8501100ce
Pasta Digital 03_2025 Candelaria.pdf;CANDELÁRIA Síndico;01/03/2025;31/03/2025;2025;3;2025-03;Entrada;Juros;96.69;96.69;0.0;96.69;Balancete/Categorias;35b42e796bb70a805a9bc68644adfe02
Pasta Digital 03_2025 Candelaria.pdf;CANDELÁRIA Síndico;01/03/2025;31/03/2025;2025;3;2025-03;Entrada;Multas;187.34;187.34;0.0;187.34;Balancete/Categorias;88c3ac5f2511680f24af9eeb4f6893dd
Pasta Digital 03_2025 Candelaria.pdf;CANDELÁRIA Síndico;01/03/2025;31/03/2025;2025;3;2025-03;Entrada;Tarifa bancária;376.0;376.0;0.0;-376.0;Balancete/Categorias;99fe40ca90a53c6898579447b5c85050
Pasta Digital 03_2025 Candelaria.pdf;CANDELÁRIA Síndico;01/03/2025;31/03/2025;2025;3;2025-03;Entrada;Taxa fixa Copasa;3941.75;3941.75;0.0;3941.75;Balancete/Categorias;9092abe47955d409fcf4bbe4a6d1d2cf
Pasta Digital 03_2025 Candelaria.pdf;CANDELÁRIA Síndico;01/03/2025;31/03/2025;2025;3;2025-03;Entrada;Água;3862.26;3862.26;0.0;3862.26;Balancete/Categorias;5cf90e816bebf01eaf1b39321907c957
Pasta Digital 03_2025 Candelaria.pdf;CANDELÁRIA Síndico;01/03/2025;31/03/2025;2025;3;2025-03;Saída;Administradora de Condomínio;1714.45;0.0;1714.45;-1714.45;Balancete/Categorias;1aa78b5a92b6bfd92122e669c5419fd6
Pasta Digital 03_2025 Candelaria.pdf;CANDELÁRIA Síndico;01/03/2025;31/03/2025;2025;3;2025-03;Saída;Conservadora;3904.68;0.0;3904.68;-3904.68;Balancete/Categorias;6a566e5ffd0965745fa30e8a39c979b2
Pasta Digital 03_2025 Candelaria.pdf;CANDELÁRIA Síndico;01/03/2025;31/03/2025;2025;3;2025-03;Saída;Energia elétrica;657.69;0.0;657.69;-657.69;Balancete/Categorias;77d54938b7834a79096cb3c2344a434f
Pasta Digital 03_2025 Candelaria.pdf;CANDELÁRIA Síndico;01/03/2025;31/03/2025;2025;3;2025-03;Saída;Honorários de cobrança;108.35;0.0;108.35;-108.35;Balancete/Categorias;a0468ddfb044f0cc89600f338a9787a8
Pasta Digital 03_2025 Candelaria.pdf;CANDELÁRIA Síndico;01/03/2025;31/03/2025;2025;3;2025-03;Saída;INSS Notas;509.21;0.0;509.21;-509.21;Balancete/Categorias;732bd5a1a2ba4f09947146aa647921d6
Pasta Digital 03_2025 Candelaria.pdf;CANDELÁRIA Síndico;01/03/2025;31/03/2025;2025;3;2025-03;Saída;Manutenção Geral;420.0;0.0;420.0;-420.0;Balancete/Categorias;8fb8b79a75df9cefca83b8fc54a0b0fe
Pasta Digital 03_2025 Candelaria.pdf;CANDELÁRIA Síndico;01/03/2025;31/03/2025;2025;3;2025-03;Saída;Seguro obrigatório;176.65;0.0;176.65;-176.65;Balancete/Categorias;ca25777854f1ae9bb730114b2ff371b8
Pasta Digital 03_2025 Candelaria.pdf;CANDELÁRIA Síndico;01/03/2025;31/03/2025;2025;3;2025-03;Saída;Tarifa bancária;143.96;0.0;143.96;-143.96;Balancete/Categorias;39bd370fe4abd633cd8f5907e4baf791
Pasta Digital 03_2025 Candelaria.pdf;CANDELÁRIA Síndico;01/03/2025;31/03/2025;2025;3;2025-03;Saída;Taxa de Administração de Água e-ou Gás;400.0;0.0;400.0;-400.0;Balancete/Categorias;ed01a925db89e63725b75afdcf76156d
Pasta Digital 03_2025 Candelaria.pdf;CANDELÁRIA Síndico;01/03/2025;31/03/2025;2025;3;2025-03;Saída;Água e Esgoto;6956.18;0.0;6956.18;-6956.18;Balancete/Categorias;8fc0717a67a0b83a57092d4711746fb1
Pasta Digital 04_2025 Candelaria.pdf;CANDELÁRIA Síndico;01/04/2025;30/04/2025;2025;4;2025-04;Entrada;Atualização Monetária;12.63;12.63;0.0;12.63;Balancete/Categorias;b678ec99c3e7764c1ade79bf4bfbc90e
Pasta Digital 04_2025 Candelaria.pdf;CANDELÁRIA Síndico;01/04/2025;30/04/2025;2025;4;2025-04;Entrada;Cotas do Mês;11670.0;11670.0;0.0;11670.0;Balancete/Categorias;185ae0db22b28a272b612643d452fcb1
Pasta Digital 04_2025 Candelaria.pdf;CANDELÁRIA Síndico;01/04/2025;30/04/2025;2025;4;2025-04;Entrada;Fundo de Obras;1580.0;1580.0;0.0;1580.0;Balancete/Categorias;a7a3d553e466ae6abe6b86755b0f4507
Pasta Digital 04_2025 Candelaria.pdf;CANDELÁRIA Síndico;01/04/2025;30/04/2025;2025;4;2025-04;Entrada;Honorário de Cobrança;95.69;95.69;0.0;95.69;Balancete/Categorias;4bdfb396e3b300d5fa979c1c02edb132
Pasta Digital 04_2025 Candelaria.pdf;CANDELÁRIA Síndico;01/04/2025;30/04/2025;2025;4;2025-04;Entrada;Juros;64.42;64.42;0.0;64.42;Balancete/Categorias;f53f859607949299ef1bbe9a0a65c719
Pasta Digital 04_2025 Candelaria.pdf;CANDELÁRIA Síndico;01/04/2025;30/04/2025;2025;4;2025-04;Entrada;Multas;147.81;147.81;0.0;147.81;Balancete/Categorias;2b5afa348c3bc7a967be5290512cfa4e
Pasta Digital 04_2025 Candelaria.pdf;CANDELÁRIA Síndico;01/04/2025;30/04/2025;2025;4;2025-04;Entrada;Tarifa bancária;360.0;360.0;0.0;-360.0;Balancete/Categorias;deb2505e82b5d0da69c65a7e1debfdc0
Pasta Digital 04_2025 Candelaria.pdf;CANDELÁRIA Síndico;01/04/2025;30/04/2025;2025;4;2025-04;Entrada;Taxa fixa Copasa;3508.05;3508.05;0.0;3508.05;Balancete/Categorias;d3ff505a1e4d24b7b0f0ec45eca278f2
Pasta Digital 04_2025 Candelaria.pdf;CANDELÁRIA Síndico;01/04/2025;30/04/2025;2025;4;2025-04;Entrada;Água;3688.68;3688.68;0.0;3688.68;Balancete/Categorias;ee7469119cb8ab605aa33fec80406dcd
Pasta Digital 04_2025 Candelaria.pdf;CANDELÁRIA Síndico;01/04/2025;30/04/2025;2025;4;2025-04;Saída;Administradora de Condomínio;1714.45;0.0;1714.45;-1714.45;Balancete/Categorias;3af8761dfb6f4d858e41f27803a0c570
Pasta Digital 04_2025 Candelaria.pdf;CANDELÁRIA Síndico;01/04/2025;30/04/2025;2025;4;2025-04;Saída;Assessoria e Serviços Profissionais;250.0;0.0;250.0;-250.0;Balancete/Categorias;bc29407aff17c1081b6581ebc13023fb
Pasta Digital 04_2025 Candelaria.pdf;CANDELÁRIA Síndico;01/04/2025;30/04/2025;2025;4;2025-04;Saída;Conservadora;3904.68;0.0;3904.68;-3904.68;Balancete/Categorias;dee404639a7f0c3583444ca4f63ae493
Pasta Digital 04_2025 Candelaria.pdf;CANDELÁRIA Síndico;01/04/2025;30/04/2025;2025;4;2025-04;Saída;Energia elétrica;750.05;0.0;750.05;-750.05;Balancete/Categorias;031a58e624f5938bc65dd26720530512
Pasta Digital 04_2025 Candelaria.pdf;CANDELÁRIA Síndico;01/04/2025;30/04/2025;2025;4;2025-04;Saída;Honorários de cobrança;241.01;0.0;241.01;-241.01;Balancete/Categorias;a7de9420b8e3dad521e993a39a965ae0
Pasta Digital 04_2025 Candelaria.pdf;CANDELÁRIA Síndico;01/04/2025;30/04/2025;2025;4;2025-04;Saída;INSS Notas;509.21;0.0;509.21;-509.21;Balancete/Categorias;48076bb4d4373d2681731a8deed81b66
Pasta Digital 04_2025 Candelaria.pdf;CANDELÁRIA Síndico;01/04/2025;30/04/2025;2025;4;2025-04;Saída;Manutenção Geral;890.0;0.0;890.0;-890.0;Balancete/Categorias;f367e27370203cf671d19a48a5c64e6a
Pasta Digital 04_2025 Candelaria.pdf;CANDELÁRIA Síndico;01/04/2025;30/04/2025;2025;4;2025-04;Saída;Reformas em geral;560.0;0.0;560.0;-560.0;Balancete/Categorias;cf7e27192ee91924e3e516947670081e
Pasta Digital 04_2025 Candelaria.pdf;CANDELÁRIA Síndico;01/04/2025;30/04/2025;2025;4;2025-04;Saída;Seguro obrigatório;176.65;0.0;176.65;-176.65;Balancete/Categorias;6d023f854dc660c5e889ff480ba22e39
Pasta Digital 04_2025 Candelaria.pdf;CANDELÁRIA Síndico;01/04/2025;30/04/2025;2025;4;2025-04;Saída;Síndico Profissional;1176.77;0.0;1176.77;-1176.77;Balancete/Categorias;71dcbd2b987c6b4bca370605554df240
Pasta Digital 04_2025 Candelaria.pdf;CANDELÁRIA Síndico;01/04/2025;30/04/2025;2025;4;2025-04;Saída;Tarifa bancária;161.49;0.0;161.49;-161.49;Balancete/Categorias;d63e98fce151d45b7a40a8f0d89ae9db
Pasta Digital 04_2025 Candelaria.pdf;CANDELÁRIA Síndico;01/04/2025;30/04/2025;2025;4;2025-04;Saída;Taxa de Administração de Água e-ou Gás;400.0;0.0;400.0;-400.0;Balancete/Categorias;71494476ae87d04e9529a765f884db23
Pasta Digital 04_2025 Candelaria.pdf;CANDELÁRIA Síndico;01/04/2025;30/04/2025;2025;4;2025-04;Saída;Água e Esgoto;7337.35;0.0;7337.35;-7337.35;Balancete/Categorias;ea76475176f2b4f75103afa7da3e7efd
Pasta Digital 05_2025 Candelaria.pdf;CANDELÁRIA Síndico;01/05/2025;31/05/2025;2025;5;2025-05;Entrada;Atualização Monetária;46.1;46.1;0.0;46.1;Balancete/Categorias;414a3d379ea955fc24dbc04b87c885f5
Pasta Digital 05_2025 Candelaria.pdf;CANDELÁRIA Síndico;01/05/2025;31/05/2025;2025;5;2025-05;Entrada;Cotas do Mês;11995.52;11995.52;0.0;11995.52;Balancete/Categorias;217c2eaf0b0414182279384feac0a148
Pasta Digital 05_2025 Candelaria.pdf;CANDELÁRIA Síndico;01/05/2025;31/05/2025;2025;5;2025-05;Entrada;Fundo de Obras;1728.03;1728.03;0.0;1728.03;Balancete/Categorias;a1f3d0c9346b1069b938612aafc41815
Pasta Digital 05_2025 Candelaria.pdf;CANDELÁRIA Síndico;01/05/2025;31/05/2025;2025;5;2025-05;Entrada;Honorário de Cobrança;1156.59;1156.59;0.0;1156.59;Balancete/Categorias;d447d2e77e254002e5d0f5f31a7669dc
Pasta Digital 05_2025 Candelaria.pdf;CANDELÁRIA Síndico;01/05/2025;31/05/2025;2025;5;2025-05;Entrada;Juros;140.66;140.66;0.0;140.66;Balancete/Categorias;2234abadfd8fef01a8dec99b9c9a3e86
Pasta Digital 05_2025 Candelaria.pdf;CANDELÁRIA Síndico;01/05/2025;31/05/2025;2025;5;2025-05;Entrada;Multas;210.65;210.65;0.0;210.65;Balancete/Categorias;dd99a7062c84b2c6e65fb64601d53479
Pasta Digital 05_2025 Candelaria.pdf;CANDELÁRIA Síndico;01/05/2025;31/05/2025;2025;5;2025-05;Entrada;Tarifa bancária;360.0;360.0;0.0;-360.0;Balancete/Categorias;e5b04da26eab77873ca747c32ff4ceab
Pasta Digital 05_2025 Candelaria.pdf;CANDELÁRIA Síndico;01/05/2025;31/05/2025;2025;5;2025-05;Entrada;Taxa fixa Copasa;3588.47;3588.47;0.0;3588.47;Balancete/Categorias;0535c5597de8a69f10e7a8695b6785ea
Pasta Digital 05_2025 Candelaria.pdf;CANDELÁRIA Síndico;01/05/2025;31/05/2025;2025;5;2025-05;Entrada;Água;4192.74;4192.74;0.0;4192.74;Balancete/Categorias;c55917ab0977188119464fe4ebf0ea72
Pasta Digital 05_2025 Candelaria.pdf;CANDELÁRIA Síndico;01/05/2025;31/05/2025;2025;5;2025-05;Saída;Administradora de Condomínio;1714.45;0.0;1714.45;-1714.45;Balancete/Categorias;916549742959161af996bb46a359f905
Pasta Digital 05_2025 Candelaria.pdf;CANDELÁRIA Síndico;01/05/2025;31/05/2025;2025;5;2025-05;Saída;Conservadora;3904.68;0.0;3904.68;-3904.68;Balancete/Categorias;00c3de8c1df40fe4e940a80dec12eac1
Pasta Digital 05_2025 Candelaria.pdf;CANDELÁRIA Síndico;01/05/2025;31/05/2025;2025;5;2025-05;Saída;Energia elétrica;678.45;0.0;678.45;-678.45;Balancete/Categorias;618790c42dcf3fe0e059e9f1af08d77d
Pasta Digital 05_2025 Candelaria.pdf;CANDELÁRIA Síndico;01/05/2025;31/05/2025;2025;5;2025-05;Saída;Honorários de cobrança;95.69;0.0;95.69;-95.69;Balancete/Categorias;e72fcec2b3aaa7931b0f7dc6568f5658
Pasta Digital 05_2025 Candelaria.pdf;CANDELÁRIA Síndico;01/05/2025;31/05/2025;2025;5;2025-05;Saída;INSS Notas;621.21;0.0;621.21;-621.21;Balancete/Categorias;a864ba26f389d29007e36e84cbe36f94
Pasta Digital 05_2025 Candelaria.pdf;CANDELÁRIA Síndico;01/05/2025;31/05/2025;2025;5;2025-05;Saída;Limpeza e conservação;231.52;0.0;231.52;-231.52;Balancete/Categorias;1c226db41fc65e48d9c93d1ab6be3b9e
Pasta Digital 05_2025 Candelaria.pdf;CANDELÁRIA Síndico;01/05/2025;31/05/2025;2025;5;2025-05;Saída;Seguro obrigatório;176.65;0.0;176.65;-176.65;Balancete/Categorias;3dc4b44dda19a0f12cc33d4c335801a9
Pasta Digital 05_2025 Candelaria.pdf;CANDELÁRIA Síndico;01/05/2025;31/05/2025;2025;5;2025-05;Saída;Síndico Profissional;1920.0;0.0;1920.0;-1920.0;Balancete/Categorias;a6be31fdc7e9e890ce3a8452ffbf7d42
Pasta Digital 05_2025 Candelaria.pdf;CANDELÁRIA Síndico;01/05/2025;31/05/2025;2025;5;2025-05;Saída;Tarifa bancária;180.55;0.0;180.55;-180.55;Balancete/Categorias;2ffb73bca1a484e49f4b321b7f69e12f
Pasta Digital 05_2025 Candelaria.pdf;CANDELÁRIA Síndico;01/05/2025;31/05/2025;2025;5;2025-05;Saída;Taxa de Administração de Água e-ou Gás;400.0;0.0;400.0;-400.0;Balancete/Categorias;4a2110f0f17a626c407890818ce118f4
Pasta Digital 05_2025 Candelaria.pdf;CANDELÁRIA Síndico;01/05/2025;31/05/2025;2025;5;2025-05;Saída;Água e Esgoto;6995.89;0.0;6995.89;-6995.89;Balancete/Categorias;21ebb60818929375f1066d73e0bdbf77
Pasta Digital 06_2025 Candelaria.pdf;CANDELÁRIA Síndico;01/06/2025;30/06/2025;2025;6;2025-06;Entrada;Atualização Monetária;29.29;29.29;0.0;29.29;Balancete/Categorias;b89931b2e3e69988066fb452e2429ae8
Pasta Digital 06_2025 Candelaria.pdf;CANDELÁRIA Síndico;01/06/2025;30/06/2025;2025;6;2025-06;Entrada;Cotas do Mês;12175.95;12175.95;0.0;12175.95;Balancete/Categorias;e2c60aa3629bda3fe7a847b8f1198e63
Pasta Digital 06_2025 Candelaria.pdf;CANDELÁRIA Síndico;01/06/2025;30/06/2025;2025;6;2025-06;Entrada;Fundo de Obras;1787.5;1787.5;0.0;1787.5;Balancete/Categorias;9d7d5f2a519a541415526e1a898caaf6
Pasta Digital 06_2025 Candelaria.pdf;CANDELÁRIA Síndico;01/06/2025;30/06/2025;2025;6;2025-06;Entrada;Honorário de Cobrança;138.32;138.32;0.0;138.32;Balancete/Categorias;3eddb1b532771ea7c8d1592240e348c1
Pasta Digital 06_2025 Candelaria.pdf;CANDELÁRIA Síndico;01/06/2025;30/06/2025;2025;6;2025-06;Entrada;Juros;116.27;116.27;0.0;116.27;Balancete/Categorias;e253eac102d739fa749a6bbec931f56f
Pasta Digital 06_2025 Candelaria.pdf;CANDELÁRIA Síndico;01/06/2025;30/06/2025;2025;6;2025-06;Entrada;Multas;202.72;202.72;0.0;202.72;Balancete/Categorias;4a95e75f482416c60c7f965c33687961
Pasta Digital 06_2025 Candelaria.pdf;CANDELÁRIA Síndico;01/06/2025;30/06/2025;2025;6;2025-06;Entrada;Tarifa bancária;368.0;368.0;0.0;-368.0;Balancete/Categorias;6b29b4daddee71787683d8b7b59adb0d
Pasta Digital 06_2025 Candelaria.pdf;CANDELÁRIA Síndico;01/06/2025;30/06/2025;2025;6;2025-06;Entrada;Taxa fixa Copasa;3599.92;3599.92;0.0;3599.92;Balancete/Categorias;78c404b364b12664f2e38a65b3906f3c
Pasta Digital 06_2025 Candelaria.pdf;CANDELÁRIA Síndico;01/06/2025;30/06/2025;2025;6;2025-06;Entrada;Água;3690.61;3690.61;0.0;3690.61;Balancete/Categorias;2f9ccfe5cdd181821db80c990f2a3c0b
Pasta Digital 06_2025 Candelaria.pdf;CANDELÁRIA Síndico;01/06/2025;30/06/2025;2025;6;2025-06;Saída;Administradora de Condomínio;1714.45;0.0;1714.45;-1714.45;Balancete/Categorias;03a97be9bb6cea50b712e0160a509cae
Pasta Digital 06_2025 Candelaria.pdf;CANDELÁRIA Síndico;01/06/2025;30/06/2025;2025;6;2025-06;Saída;Chaveiro;90.0;0.0;90.0;-90.0;Balancete/Categorias;50c17c1838928d491485990251fdcee7
Pasta Digital 06_2025 Candelaria.pdf;CANDELÁRIA Síndico;01/06/2025;30/06/2025;2025;6;2025-06;Saída;Conservadora;3904.68;0.0;3904.68;-3904.68;Balancete/Categorias;555d57023888d63ca84d9ae79180e6a4
Pasta Digital 06_2025 Candelaria.pdf;CANDELÁRIA Síndico;01/06/2025;30/06/2025;2025;6;2025-06;Saída;Dedetização - Controle de Pragas;551.8;0.0;551.8;-551.8;Balancete/Categorias;b18eac9bac071287225635fd6a0b3f6a
Pasta Digital 06_2025 Candelaria.pdf;CANDELÁRIA Síndico;01/06/2025;30/06/2025;2025;6;2025-06;Saída;Energia elétrica;751.68;0.0;751.68;-751.68;Balancete/Categorias;e8f1944b9a758a8e91c13285e7fda275
Pasta Digital 06_2025 Candelaria.pdf;CANDELÁRIA Síndico;01/06/2025;30/06/2025;2025;6;2025-06;Saída;Honorários de cobrança;1156.59;0.0;1156.59;-1156.59;Balancete/Categorias;2f9cc0c83a2a1208a37ca0cd465144ae
Pasta Digital 06_2025 Candelaria.pdf;CANDELÁRIA Síndico;01/06/2025;30/06/2025;2025;6;2025-06;Saída;INSS Notas;669.81;0.0;669.81;-669.81;Balancete/Categorias;8274b72d69ae376099c6fe3dd20b4670
Pasta Digital 06_2025 Candelaria.pdf;CANDELÁRIA Síndico;01/06/2025;30/06/2025;2025;6;2025-06;Saída;Limpeza Caixas de gordura - Água;705.6;0.0;705.6;-705.6;Balancete/Categorias;bc35b8dc9d4345f9a46dbec83a852569
Pasta Digital 06_2025 Candelaria.pdf;CANDELÁRIA Síndico;01/06/2025;30/06/2025;2025;6;2025-06;Saída;Manutenção Geral;540.0;0.0;540.0;-540.0;Balancete/Categorias;f8fe70c8732e3cb99098b306875bf544
Pasta Digital 06_2025 Candelaria.pdf;CANDELÁRIA Síndico;01/06/2025;30/06/2025;2025;6;2025-06;Saída;Seguro obrigatório;176.65;0.0;176.65;-176.65;Balancete/Categorias;9a54b3e213f8879d075b96dec2c48342
Pasta Digital 06_2025 Candelaria.pdf;CANDELÁRIA Síndico;01/06/2025;30/06/2025;2025;6;2025-06;Saída;Síndico Profissional;1920.0;0.0;1920.0;-1920.0;Balancete/Categorias;28774ea76c1fde9c9eb19a0b04481d9f
Pasta Digital 06_2025 Candelaria.pdf;CANDELÁRIA Síndico;01/06/2025;30/06/2025;2025;6;2025-06;Saída;Tarifa bancária;153.18;0.0;153.18;-153.18;Balancete/Categorias;3ef77cd0f93c0fe4a70574ef0ad3b284
Pasta Digital 06_2025 Candelaria.pdf;CANDELÁRIA Síndico;01/06/2025;30/06/2025;2025;6;2025-06;Saída;Taxa de Administração de Água e-ou Gás;400.0;0.0;400.0;-400.0;Balancete/Categorias;1cfb474e7d98980b214029ea1e59eabb
Pasta Digital 06_2025 Candelaria.pdf;CANDELÁRIA Síndico;01/06/2025;30/06/2025;2025;6;2025-06;Saída;Água e Esgoto;7587.28;0.0;7587.28;-7587.28;Balancete/Categorias;2122504419ea82654ea83a4b283c5230
Pasta Digital 07_2025 Candelaria_compressed.pdf;CANDELÁRIA Síndico;01/07/2025;31/07/2025;2025;7;2025-07;Entrada;Atualização Monetária;27.07;27.07;0.0;27.07;Balancete/Categorias;382494f588c068204c9a489b65377719
Pasta Digital 07_2025 Candelaria_compressed.pdf;CANDELÁRIA Síndico;01/07/2025;31/07/2025;2025;7;2025-07;Entrada;Cotas do Mês;12987.02;12987.02;0.0;12987.02;Balancete/Categorias;53b187c9e610a3c59128404399a4379d
Pasta Digital 07_2025 Candelaria_compressed.pdf;CANDELÁRIA Síndico;01/07/2025;31/07/2025;2025;7;2025-07;Entrada;Fundo de Obras;1900.46;1900.46;0.0;1900.46;Balancete/Categorias;19df567ad9f20cbd6f7dbbdfa7dadc1d
Pasta Digital 07_2025 Candelaria_compressed.pdf;CANDELÁRIA Síndico;01/07/2025;31/07/2025;2025;7;2025-07;Entrada;Honorário de Cobrança;134.42;134.42;0.0;134.42;Balancete/Categorias;64fe749167f7a68a3a8e34436d6d7afd
Pasta Digital 07_2025 Candelaria_compressed.pdf;CANDELÁRIA Síndico;01/07/2025;31/07/2025;2025;7;2025-07;Entrada;Juros;133.1;133.1;0.0;133.1;Balancete/Categorias;99b1185f27bc4e1df736d5d0ca41442e
Pasta Digital 07_2025 Candelaria_compressed.pdf;CANDELÁRIA Síndico;01/07/2025;31/07/2025;2025;7;2025-07;Entrada;Multas;232.36;232.36;0.0;232.36;Balancete/Categorias;ddb48f250123c125a1b5cc79080b3aee
Pasta Digital 07_2025 Candelaria_compressed.pdf;CANDELÁRIA Síndico;01/07/2025;31/07/2025;2025;7;2025-07;Entrada;Tarifa bancária;384.0;384.0;0.0;-384.0;Balancete/Categorias;ceabbae09c922f9554d2919605271010
Pasta Digital 07_2025 Candelaria_compressed.pdf;CANDELÁRIA Síndico;01/07/2025;31/07/2025;2025;7;2025-07;Entrada;Taxa fixa Copasa;3743.47;3743.47;0.0;3743.47;Balancete/Categorias;552b100707826782d9ca526c68c9a7d1
Pasta Digital 07_2025 Candelaria_compressed.pdf;CANDELÁRIA Síndico;01/07/2025;31/07/2025;2025;7;2025-07;Entrada;Água;3733.03;3733.03;0.0;3733.03;Balancete/Categorias;bf3ecfeb373bf8f55013653e5e9d3b1e
Pasta Digital 07_2025 Candelaria_compressed.pdf;CANDELÁRIA Síndico;01/07/2025;31/07/2025;2025;7;2025-07;Saída;Administradora de Condomínio;1714.45;0.0;1714.45;-1714.45;Balancete/Categorias;0f540e4b204fa718c94f0f55e2ce3eac
Pasta Digital 07_2025 Candelaria_compressed.pdf;CANDELÁRIA Síndico;01/07/2025;31/07/2025;2025;7;2025-07;Saída;Conservadora;3904.68;0.0;3904.68;-3904.68;Balancete/Categorias;59fa97baf580075a35ce2675ed15e006
Pasta Digital 07_2025 Candelaria_compressed.pdf;CANDELÁRIA Síndico;01/07/2025;31/07/2025;2025;7;2025-07;Saída;Despesa com Processo Judicial;700.28;0.0;700.28;-700.28;Balancete/Categorias;ca4e847ec6f4d3db6a77d2dbfa6dbfb7
Pasta Digital 07_2025 Candelaria_compressed.pdf;CANDELÁRIA Síndico;01/07/2025;31/07/2025;2025;7;2025-07;Saída;Energia elétrica;881.77;0.0;881.77;-881.77;Balancete/Categorias;e48f3d09a9ec4f5b82bbfad2b0aeff1d
Pasta Digital 07_2025 Candelaria_compressed.pdf;CANDELÁRIA Síndico;01/07/2025;31/07/2025;2025;7;2025-07;Saída;Honorários de cobrança;138.32;0.0;138.32;-138.32;Balancete/Categorias;e3e780a7c6c84d43999f09885fc28604
Pasta Digital 07_2025 Candelaria_compressed.pdf;CANDELÁRIA Síndico;01/07/2025;31/07/2025;2025;7;2025-07;Saída;INSS Notas;509.21;0.0;509.21;-509.21;Balancete/Categorias;842d6a859c6dcaf57113d42064d48ca2
Pasta Digital 07_2025 Candelaria_compressed.pdf;CANDELÁRIA Síndico;01/07/2025;31/07/2025;2025;7;2025-07;Saída;Manutenção Geral;580.0;0.0;580.0;-580.0;Balancete/Categorias;98993dbdfa523eb9968875b03051e5ab
Pasta Digital 07_2025 Candelaria_compressed.pdf;CANDELÁRIA Síndico;01/07/2025;31/07/2025;2025;7;2025-07;Saída;Reformas em geral;4200.0;0.0;4200.0;-4200.0;Balancete/Categorias;c5a5419cd4f8558b483ac1b12d513241
Pasta Digital 07_2025 Candelaria_compressed.pdf;CANDELÁRIA Síndico;01/07/2025;31/07/2025;2025;7;2025-07;Saída;Seguro obrigatório;176.71;0.0;176.71;-176.71;Balancete/Categorias;d41ed5b0170794ccf4f186776b789844
Pasta Digital 07_2025 Candelaria_compressed.pdf;CANDELÁRIA Síndico;01/07/2025;31/07/2025;2025;7;2025-07;Saída;Síndico Profissional;1920.0;0.0;1920.0;-1920.0;Balancete/Categorias;0723b59446abc9990599a85a960294c4
Pasta Digital 07_2025 Candelaria_compressed.pdf;CANDELÁRIA Síndico;01/07/2025;31/07/2025;2025;7;2025-07;Saída;Tarifa bancária;165.12;0.0;165.12;-165.12;Balancete/Categorias;b688c30dc3951c89676074b5b3f566ff
Pasta Digital 07_2025 Candelaria_compressed.pdf;CANDELÁRIA Síndico;01/07/2025;31/07/2025;2025;7;2025-07;Saída;Taxa de Administração de Água e-ou Gás;400.0;0.0;400.0;-400.0;Balancete/Categorias;5ee9e9baca995418a749bdc9c96979ba
Pasta Digital 07_2025 Candelaria_compressed.pdf;CANDELÁRIA Síndico;01/07/2025;31/07/2025;2025;7;2025-07;Saída;Água e Esgoto;6908.37;0.0;6908.37;-6908.37;Balancete/Categorias;29dfe50160d7bfed70d166542e4d8966
Pasta Digital 08_2025 Candelaria.pdf;CANDELÁRIA Síndico;01/08/2025;31/08/2025;2025;8;2025-08;Entrada;Atualização Monetária;60.97;60.97;0.0;60.97;Balancete/Categorias;fecb93830022ac7eb00f687e273f3ccf
Pasta Digital 08_2025 Candelaria.pdf;CANDELÁRIA Síndico;01/08/2025;31/08/2025;2025;8;2025-08;Entrada;Cotas do Mês;13488.19;13488.19;0.0;13488.19;Balancete/Categorias;d264414850582005f43455288ec21390
Pasta Digital 08_2025 Candelaria.pdf;CANDELÁRIA Síndico;01/08/2025;31/08/2025;2025;8;2025-08;Entrada;Fundo de Obras;1940.45;1940.45;0.0;1940.45;Balancete/Categorias;8cfd2d35f737aa954dc3e4586fe8801e
Pasta Digital 08_2025 Candelaria.pdf;CANDELÁRIA Síndico;01/08/2025;31/08/2025;2025;8;2025-08;Entrada;Honorário de Cobrança;408.09;408.09;0.0;408.09;Balancete/Categorias;9363365fadafd6e5b729e4f8f47a8c53
Pasta Digital 08_2025 Candelaria.pdf;CANDELÁRIA Síndico;01/08/2025;31/08/2025;2025;8;2025-08;Entrada;Juros;267.9;267.9;0.0;267.9;Balancete/Categorias;08d656bb24316b6989b894dc7bd8db68
Pasta Digital 08_2025 Candelaria.pdf;CANDELÁRIA Síndico;01/08/2025;31/08/2025;2025;8;2025-08;Entrada;Multas;294.79;294.79;0.0;294.79;Balancete/Categorias;328309c2245330e4062ce5db71b41dbd
Pasta Digital 08_2025 Candelaria.pdf;CANDELÁRIA Síndico;01/08/2025;31/08/2025;2025;8;2025-08;Entrada;Outras Entradas;4.49;4.49;0.0;4.49;Balancete/Categorias;9ab10cfc8eeca764bf7992a5202949d0
Pasta Digital 08_2025 Candelaria.pdf;CANDELÁRIA Síndico;01/08/2025;31/08/2025;2025;8;2025-08;Entrada;Tarifa bancária;364.0;364.0;0.0;-364.0;Balancete/Categorias;08f2fbf6690ff64ce5dfbc83a8894e2b
Pasta Digital 08_2025 Candelaria.pdf;CANDELÁRIA Síndico;01/08/2025;31/08/2025;2025;8;2025-08;Entrada;Taxa fixa Copasa;3996.19;3996.19;0.0;3996.19;Balancete/Categorias;9538456a5ca4f083d7332e3dd720daac
Pasta Digital 08_2025 Candelaria.pdf;CANDELÁRIA Síndico;01/08/2025;31/08/2025;2025;8;2025-08;Entrada;Água;4268.4;4268.4;0.0;4268.4;Balancete/Categorias;4b8bc14aecadfd33faf9e85fd9b9d3f6
Pasta Digital 08_2025 Candelaria.pdf;CANDELÁRIA Síndico;01/08/2025;31/08/2025;2025;8;2025-08;Saída;Administradora de Condomínio;1714.45;0.0;1714.45;-1714.45;Balancete/Categorias;196dc2220d7a46816dacf31dd01615c0
Pasta Digital 08_2025 Candelaria.pdf;CANDELÁRIA Síndico;01/08/2025;31/08/2025;2025;8;2025-08;Saída;Conservadora;4176.96;0.0;4176.96;-4176.96;Balancete/Categorias;6caf71bce198ea834449f179a2c44717
Pasta Digital 08_2025 Candelaria.pdf;CANDELÁRIA Síndico;01/08/2025;31/08/2025;2025;8;2025-08;Saída;Despesa com Processo Judicial;634.0;0.0;634.0;-634.0;Balancete/Categorias;11328e77592639c009e9a772941f093d
Pasta Digital 08_2025 Candelaria.pdf;CANDELÁRIA Síndico;01/08/2025;31/08/2025;2025;8;2025-08;Saída;Energia elétrica;868.45;0.0;868.45;-868.45;Balancete/Categorias;f39ce27d79b2520fb9e1a0ec7d2aa26c
Pasta Digital 08_2025 Candelaria.pdf;CANDELÁRIA Síndico;01/08/2025;31/08/2025;2025;8;2025-08;Saída;Honorários de cobrança;134.42;0.0;134.42;-134.42;Balancete/Categorias;989d333879be4f6d1c98917c98e08c12
Pasta Digital 08_2025 Candelaria.pdf;CANDELÁRIA Síndico;01/08/2025;31/08/2025;2025;8;2025-08;Saída;INSS Notas;423.04;0.0;423.04;-423.04;Balancete/Categorias;43733e5a6b45db779e27e24b060055c7
Pasta Digital 08_2025 Candelaria.pdf;CANDELÁRIA Síndico;01/08/2025;31/08/2025;2025;8;2025-08;Saída;Reformas em geral;8400.0;0.0;8400.0;-8400.0;Balancete/Categorias;95722e6defcbfab1c365920ff92faffb
Pasta Digital 08_2025 Candelaria.pdf;CANDELÁRIA Síndico;01/08/2025;31/08/2025;2025;8;2025-08;Saída;Síndico Profissional;1920.0;0.0;1920.0;-1920.0;Balancete/Categorias;97c662c23f1e9a6b0fd4edd86b55a5c4
Pasta Digital 08_2025 Candelaria.pdf;CANDELÁRIA Síndico;01/08/2025;31/08/2025;2025;8;2025-08;Saída;Tarifa bancária;185.0;0.0;185.0;-185.0;Balancete/Categorias;05b0423d47edc23b8a1cd1527e4d738b
Pasta Digital 08_2025 Candelaria.pdf;CANDELÁRIA Síndico;01/08/2025;31/08/2025;2025;8;2025-08;Saída;Taxa de Administração de Água e-ou Gás;400.0;0.0;400.0;-400.0;Balancete/Categorias;5aade8cd9a66ca7e2ae9b001166fe0c6
Pasta Digital 08_2025 Candelaria.pdf;CANDELÁRIA Síndico;01/08/2025;31/08/2025;2025;8;2025-08;Saída;Água e Esgoto;6969.91;0.0;6969.91;-6969.91;Balancete/Categorias;fa00416ec4a459ddfd0e42ca3aab2650
Pasta Digital 09_2025 Candelaria.pdf;CANDELÁRIA Síndico;01/09/2025;30/09/2025;2025;9;2025-09;Entrada;Atualização Monetária;650.0;650.0;0.0;650.0;Balancete/Categorias;29ae3858a8e63c7def19148774258720
Pasta Digital 09_2025 Candelaria.pdf;CANDELÁRIA Síndico;01/09/2025;30/09/2025;2025;9;2025-09;Entrada;Cotas do Mês;16109.86;16109.86;0.0;16109.86;Balancete/Categorias;d7adf9bbd798307d7275a2d44a551c75
Pasta Digital 09_2025 Candelaria.pdf;CANDELÁRIA Síndico;01/09/2025;30/09/2025;2025;9;2025-09;Entrada;Fundo de Obras;1910.95;1910.95;0.0;1910.95;Balancete/Categorias;b0feb0f0b7ee8b6bec7fd32c3a0d148f
Pasta Digital 09_2025 Candelaria.pdf;CANDELÁRIA Síndico;01/09/2025;30/09/2025;2025;9;2025-09;Entrada;Honorário de Cobrança;1717.13;1717.13;0.0;1717.13;Balancete/Categorias;5a7877bc2744c100b3ef8a112639c273
Pasta Digital 09_2025 Candelaria.pdf;CANDELÁRIA Síndico;01/09/2025;30/09/2025;2025;9;2025-09;Entrada;Juros;1609.45;1609.45;0.0;1609.45;Balancete/Categorias;c402ea35244abe930d63ecac2b6b87e3
Pasta Digital 09_2025 Candelaria.pdf;CANDELÁRIA Síndico;01/09/2025;30/09/2025;2025;9;2025-09;Entrada;Multas;464.74;464.74;0.0;464.74;Balancete/Categorias;baa3cd1e391534cd63e87167d64bfc26
Pasta Digital 09_2025 Candelaria.pdf;CANDELÁRIA Síndico;01/09/2025;30/09/2025;2025;9;2025-09;Entrada;Tarifa bancária;384.0;384.0;0.0;-384.0;Balancete/Categorias;4216329f4e038b0bfbf76f56bd0c936a
Pasta Digital 09_2025 Candelaria.pdf;CANDELÁRIA Síndico;01/09/2025;30/09/2025;2025;9;2025-09;Entrada;Taxa fixa Copasa;4427.09;4427.09;0.0;4427.09;Balancete/Categorias;3f68cd6e6d997c4bbc0e94b43fa3e246
Pasta Digital 09_2025 Candelaria.pdf;CANDELÁRIA Síndico;01/09/2025;30/09/2025;2025;9;2025-09;Entrada;Água;3759.47;3759.47;0.0;3759.47;Balancete/Categorias;58fb8e7e0d61298dcb5c69bbeede05b7
Pasta Digital 09_2025 Candelaria.pdf;CANDELÁRIA Síndico;01/09/2025;30/09/2025;2025;9;2025-09;Saída;Administradora de Condomínio;1714.45;0.0;1714.45;-1714.45;Balancete/Categorias;a6b6b1ca0f59e6c88bd285b3314dbec3
Pasta Digital 09_2025 Candelaria.pdf;CANDELÁRIA Síndico;01/09/2025;30/09/2025;2025;9;2025-09;Saída;Conservadora;4176.96;0.0;4176.96;-4176.96;Balancete/Categorias;c4f06339f2cb875d229e2b473e3c2d64
Pasta Digital 09_2025 Candelaria.pdf;CANDELÁRIA Síndico;01/09/2025;30/09/2025;2025;9;2025-09;Saída;Energia elétrica;963.15;0.0;963.15;-963.15;Balancete/Categorias;484abea3df8720732d97ac37036a08e2
Pasta Digital 09_2025 Candelaria.pdf;CANDELÁRIA Síndico;01/09/2025;30/09/2025;2025;9;2025-09;Saída;Honorários de cobrança;634.0;0.0;634.0;-634.0;Balancete/Categorias;17efdecbabdf2e01fe23d9c67f4499f1
Pasta Digital 09_2025 Candelaria.pdf;CANDELÁRIA Síndico;01/09/2025;30/09/2025;2025;9;2025-09;Saída;INSS Notas;457.04;0.0;457.04;-457.04;Balancete/Categorias;79f87438661eb6bea0b0d175b249aa0e
Pasta Digital 09_2025 Candelaria.pdf;CANDELÁRIA Síndico;01/09/2025;30/09/2025;2025;9;2025-09;Saída;Reformas em geral;2700.0;0.0;2700.0;-2700.0;Balancete/Categorias;baa1c27e48c66d868ee81b47139c3be1
Pasta Digital 09_2025 Candelaria.pdf;CANDELÁRIA Síndico;01/09/2025;30/09/2025;2025;9;2025-09;Saída;Síndico Profissional;1920.0;0.0;1920.0;-1920.0;Balancete/Categorias;3df8b3641ffbccdc5a55bfcbb498f189
Pasta Digital 09_2025 Candelaria.pdf;CANDELÁRIA Síndico;01/09/2025;30/09/2025;2025;9;2025-09;Saída;Tarifa bancária;160.0;0.0;160.0;-160.0;Balancete/Categorias;d128c0f5a9c47dc950c62133cac0243a
Pasta Digital 09_2025 Candelaria.pdf;CANDELÁRIA Síndico;01/09/2025;30/09/2025;2025;9;2025-09;Saída;Taxa de Administração de Água e-ou Gás;400.0;0.0;400.0;-400.0;Balancete/Categorias;b1912010cc44c4adbb9a31dcf0f06ae0
Pasta Digital 09_2025 Candelaria.pdf;CANDELÁRIA Síndico;01/09/2025;30/09/2025;2025;9;2025-09;Saída;Água e Esgoto;6982.76;0.0;6982.76;-6982.76;Balancete/Categorias;c1de86334c9e7fac152f6056f03d47da
Pasta Digital 10_2025 Candelaria.pdf;CANDELÁRIA Síndico;01/10/2025;31/10/2025;2025;10;2025-10;Entrada;Atualização Monetária;26.04;26.04;0.0;26.04;Balancete/Categorias;3d86c6b36fdfc2749ab76b46fba92fd0
Pasta Digital 10_2025 Candelaria.pdf;CANDELÁRIA Síndico;01/10/2025;31/10/2025;2025;10;2025-10;Entrada;Cotas do Mês;13897.83;13897.83;0.0;13897.83;Balancete/Categorias;8d0b00d4725e262f3d8fec326fa8d783
Pasta Digital 10_2025 Candelaria.pdf;CANDELÁRIA Síndico;01/10/2025;31/10/2025;2025;10;2025-10;Entrada;Fundo de Obras;2059.41;2059.41;0.0;2059.41;Balancete/Categorias;faf2083a5bcbb95de528bc1bb502f466
Pasta Digital 10_2025 Candelaria.pdf;CANDELÁRIA Síndico;01/10/2025;31/10/2025;2025;10;2025-10;Entrada;Honorário de Cobrança;44.74;44.74;0.0;44.74;Balancete/Categorias;f77546e317c64d2668f162fcb961b0f4
Pasta Digital 10_2025 Candelaria.pdf;CANDELÁRIA Síndico;01/10/2025;31/10/2025;2025;10;2025-10;Entrada;Juros;162.42;162.42;0.0;162.42;Balancete/Categorias;86ea27a0a156be0379c62cf6f1242ab4
Pasta Digital 10_2025 Candelaria.pdf;CANDELÁRIA Síndico;01/10/2025;31/10/2025;2025;10;2025-10;Entrada;Multas;292.8;292.8;0.0;292.8;Balancete/Categorias;b2de4ec471c49f2482098043aba0a460
Pasta Digital 10_2025 Candelaria.pdf;CANDELÁRIA Síndico;01/10/2025;31/10/2025;2025;10;2025-10;Entrada;Outras Entradas;4.49;4.49;0.0;4.49;Balancete/Categorias;4fbb5613cbef366b10f9ea8839e0ba55
Pasta Digital 10_2025 Candelaria.pdf;CANDELÁRIA Síndico;01/10/2025;31/10/2025;2025;10;2025-10;Entrada;Tarifa bancária;408.0;408.0;0.0;-408.0;Balancete/Categorias;82a295dbff397ecdb9902865c061d3d0
Pasta Digital 10_2025 Candelaria.pdf;CANDELÁRIA Síndico;01/10/2025;31/10/2025;2025;10;2025-10;Entrada;Taxa fixa Copasa;4100.06;4100.06;0.0;4100.06;Balancete/Categorias;c6637d48dcf4048f5fc772184a3cd571
Pasta Digital 10_2025 Candelaria.pdf;CANDELÁRIA Síndico;01/10/2025;31/10/2025;2025;10;2025-10;Entrada;Água;4875.33;4875.33;0.0;4875.33;Balancete/Categorias;e032553693947ca0f952f1545c957e75
Pasta Digital 10_2025 Candelaria.pdf;CANDELÁRIA Síndico;01/10/2025;31/10/2025;2025;10;2025-10;Saída;Administradora de Condomínio;1714.45;0.0;1714.45;-1714.45;Balancete/Categorias;56cb453d74122994f9507e9cb246f446
Pasta Digital 10_2025 Candelaria.pdf;CANDELÁRIA Síndico;01/10/2025;31/10/2025;2025;10;2025-10;Saída;Conservadora;4176.96;0.0;4176.96;-4176.96;Balancete/Categorias;f81aa1bd9eaeb8c7c71138e31f72507d
Pasta Digital 10_2025 Candelaria.pdf;CANDELÁRIA Síndico;01/10/2025;31/10/2025;2025;10;2025-10;Saída;Despesa com Processo Judicial;1489.84;0.0;1489.84;-1489.84;Balancete/Categorias;9a91bd4d0caef331d1528ba9af4a7c33
Pasta Digital 10_2025 Candelaria.pdf;CANDELÁRIA Síndico;01/10/2025;31/10/2025;2025;10;2025-10;Saída;Energia elétrica;885.73;0.0;885.73;-885.73;Balancete/Categorias;4cdc84912be3e20dd6f4b96d92927b35
Pasta Digital 10_2025 Candelaria.pdf;CANDELÁRIA Síndico;01/10/2025;31/10/2025;2025;10;2025-10;Saída;Honorários de cobrança;227.29;0.0;227.29;-227.29;Balancete/Categorias;6b682efa695f5bf44f6904eda6e15040
Pasta Digital 10_2025 Candelaria.pdf;CANDELÁRIA Síndico;01/10/2025;31/10/2025;2025;10;2025-10;Saída;INSS Notas;467.94;0.0;467.94;-467.94;Balancete/Categorias;085955e6b16242fbc9fc5b97aff799c1
Pasta Digital 10_2025 Candelaria.pdf;CANDELÁRIA Síndico;01/10/2025;31/10/2025;2025;10;2025-10;Saída;Limpeza e conservação;105.0;0.0;105.0;-105.0;Balancete/Categorias;3375093d2878dbc6459532f84a9ee57a
Pasta Digital 10_2025 Candelaria.pdf;CANDELÁRIA Síndico;01/10/2025;31/10/2025;2025;10;2025-10;Saída;Manutenção Geral;100.0;0.0;100.0;-100.0;Balancete/Categorias;77ec35287a84c33bac854b81a305e85a
Pasta Digital 10_2025 Candelaria.pdf;CANDELÁRIA Síndico;01/10/2025;31/10/2025;2025;10;2025-10;Saída;Síndico Profissional;1920.0;0.0;1920.0;-1920.0;Balancete/Categorias;b0b3b927a3d0e171dc28fc8c743635e9
Pasta Digital 10_2025 Candelaria.pdf;CANDELÁRIA Síndico;01/10/2025;31/10/2025;2025;10;2025-10;Saída;Tarifa bancária;52.0;0.0;52.0;-52.0;Balancete/Categorias;96926e36c5f669bcfc0ece648356fb51
Pasta Digital 10_2025 Candelaria.pdf;CANDELÁRIA Síndico;01/10/2025;31/10/2025;2025;10;2025-10;Saída;Taxa de Administração de Água e-ou Gás;400.0;0.0;400.0;-400.0;Balancete/Categorias;8c48a04339f87ff2175be7c94fcd7a72
Pasta Digital 10_2025 Candelaria.pdf;CANDELÁRIA Síndico;01/10/2025;31/10/2025;2025;10;2025-10;Saída;Água e Esgoto;7056.43;0.0;7056.43;-7056.43;Balancete/Categorias;a93b9453aa88956589fb3679168f2839
Pasta Digital 11_2025 Candelaria.pdf;CANDELÁRIA Síndico;01/11/2025;30/11/2025;2025;11;2025-11;Entrada;Atualização Monetária;11.95;11.95;0.0;11.95;Balancete/Categorias;c3f2d00f9b84d2b0c087645d72f37023
Pasta Digital 11_2025 Candelaria.pdf;CANDELÁRIA Síndico;01/11/2025;30/11/2025;2025;11;2025-11;Entrada;Cotas do Mês;11313.0;11313.0;0.0;11313.0;Balancete/Categorias;3b764b0c9278a6397b9f7e98045f0100
Pasta Digital 11_2025 Candelaria.pdf;CANDELÁRIA Síndico;01/11/2025;30/11/2025;2025;11;2025-11;Entrada;Fundo de Obras;1709.0;1709.0;0.0;1709.0;Balancete/Categorias;450cd91d0ccd7ca21cce042e1f7464f3
Pasta Digital 11_2025 Candelaria.pdf;CANDELÁRIA Síndico;01/11/2025;30/11/2025;2025;11;2025-11;Entrada;Honorário de Cobrança;81.76;81.76;0.0;81.76;Balancete/Categorias;05c75897a692a593219625c9233a15c9
Pasta Digital 11_2025 Candelaria.pdf;CANDELÁRIA Síndico;01/11/2025;30/11/2025;2025;11;2025-11;Entrada;Juros;76.81;76.81;0.0;76.81;Balancete/Categorias;7de94e2cae30eccc2f498ad31a6fbbd9
Pasta Digital 11_2025 Candelaria.pdf;CANDELÁRIA Síndico;01/11/2025;30/11/2025;2025;11;2025-11;Entrada;Multas;127.82;127.82;0.0;127.82;Balancete/Categorias;a259abdeaff624cfb64b1745db5e05d7
Pasta Digital 11_2025 Candelaria.pdf;CANDELÁRIA Síndico;01/11/2025;30/11/2025;2025;11;2025-11;Entrada;Outras Entradas;3.4;3.4;0.0;3.4;Balancete/Categorias;a4aef09504be7d0d8951f34d1bb302fc
Pasta Digital 11_2025 Candelaria.pdf;CANDELÁRIA Síndico;01/11/2025;30/11/2025;2025;11;2025-11;Entrada;Tarifa bancária;344.0;344.0;0.0;-344.0;Balancete/Categorias;896963f22329bf77a667b9c2b4361ead
Pasta Digital 11_2025 Candelaria.pdf;CANDELÁRIA Síndico;01/11/2025;30/11/2025;2025;11;2025-11;Entrada;Taxa fixa Copasa;3374.59;3374.59;0.0;3374.59;Balancete/Categorias;0cc0a05157c6ff1fd1caf77aaf354078
Pasta Digital 11_2025 Candelaria.pdf;CANDELÁRIA Síndico;01/11/2025;30/11/2025;2025;11;2025-11;Entrada;Água;4324.89;4324.89;0.0;4324.89;Balancete/Categorias;306c2b4e5ba7086227d9cf0b941db94e
Pasta Digital 11_2025 Candelaria.pdf;CANDELÁRIA Síndico;01/11/2025;30/11/2025;2025;11;2025-11;Saída;Administradora de Condomínio;2571.7;0.0;2571.7;-2571.7;Balancete/Categorias;4964f859ef3d87c1ed2c742122e209e1
Pasta Digital 11_2025 Candelaria.pdf;CANDELÁRIA Síndico;01/11/2025;30/11/2025;2025;11;2025-11;Saída;Conservadora;4176.96;0.0;4176.96;-4176.96;Balancete/Categorias;f7b8a8a562eba9ae795e4a6d03942484
Pasta Digital 11_2025 Candelaria.pdf;CANDELÁRIA Síndico;01/11/2025;30/11/2025;2025;11;2025-11;Saída;Energia elétrica;897.62;0.0;897.62;-897.62;Balancete/Categorias;dd766b579de5d801858a5b170bf8d941
Pasta Digital 11_2025 Candelaria.pdf;CANDELÁRIA Síndico;01/11/2025;30/11/2025;2025;11;2025-11;Saída;Honorários de cobrança;44.74;0.0;44.74;-44.74;Balancete/Categorias;264a833bca28892b68b7830c92d856c0
Pasta Digital 11_2025 Candelaria.pdf;CANDELÁRIA Síndico;01/11/2025;30/11/2025;2025;11;2025-11;Saída;INSS Notas;403.04;0.0;403.04;-403.04;Balancete/Categorias;8a99cc4b8376772aa3ca674352052fd8
Pasta Digital 11_2025 Candelaria.pdf;CANDELÁRIA Síndico;01/11/2025;30/11/2025;2025;11;2025-11;Saída;Síndico Profissional;1920.0;0.0;1920.0;-1920.0;Balancete/Categorias;40e69a40af2b62fa3450874164379217
Pasta Digital 11_2025 Candelaria.pdf;CANDELÁRIA Síndico;01/11/2025;30/11/2025;2025;11;2025-11;Saída;Tarifa bancária;35.0;0.0;35.0;-35.0;Balancete/Categorias;07c9e7db057c3c246212eb3e8236794e
Pasta Digital 11_2025 Candelaria.pdf;CANDELÁRIA Síndico;01/11/2025;30/11/2025;2025;11;2025-11;Saída;Taxa de Administração de Água e-ou Gás;400.0;0.0;400.0;-400.0;Balancete/Categorias;2fce7c8d332fd020d2bd17b76ee08285
Pasta Digital 11_2025 Candelaria.pdf;CANDELÁRIA Síndico;01/11/2025;30/11/2025;2025;11;2025-11;Saída;Água e Esgoto;7753.72;0.0;7753.72;-7753.72;Balancete/Categorias;17581684928c6e448c91de6f5de7c952
Pasta Digital 12_2025 Candelaria.pdf;CANDELÁRIA Síndico;01/12/2025;31/12/2025;2025;12;2025-12;Entrada;Atualização Monetária;0.47;0.47;0.0;0.47;Balancete/Categorias;790e5ab1047fae28bca0d08ad6174084
Pasta Digital 12_2025 Candelaria.pdf;CANDELÁRIA Síndico;01/12/2025;31/12/2025;2025;12;2025-12;Entrada;Cotas do Mês;12565.27;12565.27;0.0;12565.27;Balancete/Categorias;cb89767d5f2d3f9566f73a4bdeab5f5c
Pasta Digital 12_2025 Candelaria.pdf;CANDELÁRIA Síndico;01/12/2025;31/12/2025;2025;12;2025-12;Entrada;Fundo de Obras;1901.52;1901.52;0.0;1901.52;Balancete/Categorias;5339f89ae4bc1e3b6cc82cf0a4bcb9d3
Pasta Digital 12_2025 Candelaria.pdf;CANDELÁRIA Síndico;01/12/2025;31/12/2025;2025;12;2025-12;Entrada;Honorário de Cobrança;24.32;24.32;0.0;24.32;Balancete/Categorias;e2b8bd28bf00a8735b410ab384244a2e
Pasta Digital 12_2025 Candelaria.pdf;CANDELÁRIA Síndico;01/12/2025;31/12/2025;2025;12;2025-12;Entrada;Juros;64.2;64.2;0.0;64.2;Balancete/Categorias;742e820fb021dd27948971a231442908
Pasta Digital 12_2025 Candelaria.pdf;CANDELÁRIA Síndico;01/12/2025;31/12/2025;2025;12;2025-12;Entrada;Multas;187.56;187.56;0.0;187.56;Balancete/Categorias;3b991c7809d9adecfceeadd33c3cc3f7
Pasta Digital 12_2025 Candelaria.pdf;CANDELÁRIA Síndico;01/12/2025;31/12/2025;2025;12;2025-12;Entrada;Outras Entradas;3.0;3.0;0.0;3.0;Balancete/Categorias;ee7de277418c34835a3daff4e6db7922
Pasta Digital 12_2025 Candelaria.pdf;CANDELÁRIA Síndico;01/12/2025;31/12/2025;2025;12;2025-12;Entrada;Tarifa bancária;380.0;380.0;0.0;-380.0;Balancete/Categorias;c4b5e9e4bb392679a944066d61a2eae9
Pasta Digital 12_2025 Candelaria.pdf;CANDELÁRIA Síndico;01/12/2025;31/12/2025;2025;12;2025-12;Entrada;Taxa fixa Copasa;3713.0;3713.0;0.0;3713.0;Balancete/Categorias;c1c3f63acbd04596f90a7454a0d1493c
Pasta Digital 12_2025 Candelaria.pdf;CANDELÁRIA Síndico;01/12/2025;31/12/2025;2025;12;2025-12;Entrada;Água;4594.17;4594.17;0.0;4594.17;Balancete/Categorias;6142cacbddb6c2d26c3f57a719fb4a4e
Pasta Digital 12_2025 Candelaria.pdf;CANDELÁRIA Síndico;01/12/2025;31/12/2025;2025;12;2025-12;Saída;Administradora de Condomínio;2571.7;0.0;2571.7;-2571.7;Balancete/Categorias;87deba3ea19e46057b36976e8424f926
Pasta Digital 12_2025 Candelaria.pdf;CANDELÁRIA Síndico;01/12/2025;31/12/2025;2025;12;2025-12;Saída;Chaveiro;2252.0;0.0;2252.0;-2252.0;Balancete/Categorias;55f1609c10b6c7c8c8948faa590d391b
Pasta Digital 12_2025 Candelaria.pdf;CANDELÁRIA Síndico;01/12/2025;31/12/2025;2025;12;2025-12;Saída;Conservadora;4176.96;0.0;4176.96;-4176.96;Balancete/Categorias;71534287cee83aa5532a56c7146e1eea
Pasta Digital 12_2025 Candelaria.pdf;CANDELÁRIA Síndico;01/12/2025;31/12/2025;2025;12;2025-12;Saída;Câmeras e Interfones;400.0;0.0;400.0;-400.0;Balancete/Categorias;e24aae760e96b27eb73918a46a489ad7
Pasta Digital 12_2025 Candelaria.pdf;CANDELÁRIA Síndico;01/12/2025;31/12/2025;2025;12;2025-12;Saída;Energia elétrica;794.88;0.0;794.88;-794.88;Balancete/Categorias;c93ee401594119b2152320e5a8821192
Pasta Digital 12_2025 Candelaria.pdf;CANDELÁRIA Síndico;01/12/2025;31/12/2025;2025;12;2025-12;Saída;Honorários de cobrança;81.76;0.0;81.76;-81.76;Balancete/Categorias;11a167eb73695567dbd6d85346a6777e
Pasta Digital 12_2025 Candelaria.pdf;CANDELÁRIA Síndico;01/12/2025;31/12/2025;2025;12;2025-12;Saída;INSS Notas;403.04;0.0;403.04;-403.04;Balancete/Categorias;d2a10f681e574a0fa1defa8123341102
Pasta Digital 12_2025 Candelaria.pdf;CANDELÁRIA Síndico;01/12/2025;31/12/2025;2025;12;2025-12;Saída;Síndico Profissional;1920.0;0.0;1920.0;-1920.0;Balancete/Categorias;4d45c40d5b1f9ac8bcee277a86a3f756
Pasta Digital 12_2025 Candelaria.pdf;CANDELÁRIA Síndico;01/12/2025;31/12/2025;2025;12;2025-12;Saída;Tarifa bancária;35.0;0.0;35.0;-35.0;Balancete/Categorias;875eb90551a47dd5b587ecfeb3358fb0
Pasta Digital 12_2025 Candelaria.pdf;CANDELÁRIA Síndico;01/12/2025;31/12/2025;2025;12;2025-12;Saída;Taxa de Administração de Água e-ou Gás;400.0;0.0;400.0;-400.0;Balancete/Categorias;c279ea62e541dbe9dad46697e6b250ec
Pasta Digital 12_2025 Candelaria.pdf;CANDELÁRIA Síndico;01/12/2025;31/12/2025;2025;12;2025-12;Saída;Água e Esgoto;7196.11;0.0;7196.11;-7196.11;Balancete/Categorias;654ec56ce577fb631717814bce1c7655
Pasta Digital 01_2026 Candelaria.pdf;CANDELÁRIA Síndico;01/01/2026;31/01/2026;2026;1;2026-01;Entrada;Atualização Monetária;0.8;0.8;0.0;0.8;Balancete/Categorias;da8227ea8be6b6060f5ed37d85e2dc34
Pasta Digital 01_2026 Candelaria.pdf;CANDELÁRIA Síndico;01/01/2026;31/01/2026;2026;1;2026-01;Entrada;Cotas do Mês;11984.2;11984.2;0.0;11984.2;Balancete/Categorias;684e197399d5dbf1bbb76b920a40852e
Pasta Digital 01_2026 Candelaria.pdf;CANDELÁRIA Síndico;01/01/2026;31/01/2026;2026;1;2026-01;Entrada;Fundo de Obras;1815.44;1815.44;0.0;1815.44;Balancete/Categorias;7a748613457243425a91f2b69938d088
Pasta Digital 01_2026 Candelaria.pdf;CANDELÁRIA Síndico;01/01/2026;31/01/2026;2026;1;2026-01;Entrada;Honorário de Cobrança;158.86;158.86;0.0;158.86;Balancete/Categorias;dd8f0bfc75be51f21ec3e8c5b39afd9c
Pasta Digital 01_2026 Candelaria.pdf;CANDELÁRIA Síndico;01/01/2026;31/01/2026;2026;1;2026-01;Entrada;Juros;61.08;61.08;0.0;61.08;Balancete/Categorias;3f8a7c611c80217fea44f3a1930ea8b8
Pasta Digital 01_2026 Candelaria.pdf;CANDELÁRIA Síndico;01/01/2026;31/01/2026;2026;1;2026-01;Entrada;Multas;170.79;170.79;0.0;170.79;Balancete/Categorias;d58a9275aafc10ada0338eb1ef5d6c54
Pasta Digital 01_2026 Candelaria.pdf;CANDELÁRIA Síndico;01/01/2026;31/01/2026;2026;1;2026-01;Entrada;Outras Entradas;3.2;3.2;0.0;3.2;Balancete/Categorias;cd8dc937fc1355643a643a5e4899d835
Pasta Digital 01_2026 Candelaria.pdf;CANDELÁRIA Síndico;01/01/2026;31/01/2026;2026;1;2026-01;Entrada;Tarifa bancária;364.0;364.0;0.0;-364.0;Balancete/Categorias;e95865d704775c2a702a49b61e80b2b3
Pasta Digital 01_2026 Candelaria.pdf;CANDELÁRIA Síndico;01/01/2026;31/01/2026;2026;1;2026-01;Entrada;Taxa fixa Copasa;3528.0;3528.0;0.0;3528.0;Balancete/Categorias;5cec41fca74c742476c4eb2ebb65e870
Pasta Digital 01_2026 Candelaria.pdf;CANDELÁRIA Síndico;01/01/2026;31/01/2026;2026;1;2026-01;Entrada;Água;4404.69;4404.69;0.0;4404.69;Balancete/Categorias;bdb2e34ea4047f7c221a90b0a4f65aa9
Pasta Digital 01_2026 Candelaria.pdf;CANDELÁRIA Síndico;01/01/2026;31/01/2026;2026;1;2026-01;Saída;Administradora de Condomínio;1714.45;0.0;1714.45;-1714.45;Balancete/Categorias;90da5e438578e6bd1fbf7e873c621e26
Pasta Digital 01_2026 Candelaria.pdf;CANDELÁRIA Síndico;01/01/2026;31/01/2026;2026;1;2026-01;Saída;Conservadora;4176.96;0.0;4176.96;-4176.96;Balancete/Categorias;7789773490f6edf3d2d86b683674794c
Pasta Digital 01_2026 Candelaria.pdf;CANDELÁRIA Síndico;01/01/2026;31/01/2026;2026;1;2026-01;Saída;Despesa com Processo Judicial;645.0;0.0;645.0;-645.0;Balancete/Categorias;f8c24fdd67158ae800c88021791e7bdf
Pasta Digital 01_2026 Candelaria.pdf;CANDELÁRIA Síndico;01/01/2026;31/01/2026;2026;1;2026-01;Saída;Energia elétrica;765.78;0.0;765.78;-765.78;Balancete/Categorias;14dcf9894f7e20c557bb923f90dfd7b4
Pasta Digital 01_2026 Candelaria.pdf;CANDELÁRIA Síndico;01/01/2026;31/01/2026;2026;1;2026-01;Saída;Honorários de cobrança;24.32;0.0;24.32;-24.32;Balancete/Categorias;ab271f58e2dc94a2a2f6daff885c66c5
Pasta Digital 01_2026 Candelaria.pdf;CANDELÁRIA Síndico;01/01/2026;31/01/2026;2026;1;2026-01;Saída;INSS Notas;403.04;0.0;403.04;-403.04;Balancete/Categorias;1fac8285100c674cb612e9c8ff7e598a
Pasta Digital 01_2026 Candelaria.pdf;CANDELÁRIA Síndico;01/01/2026;31/01/2026;2026;1;2026-01;Saída;Manutenção Geral;16640.0;0.0;16640.0;-16640.0;Balancete/Categorias;4d9438dbfd185b4dcd418bd15a5a0353
Pasta Digital 01_2026 Candelaria.pdf;CANDELÁRIA Síndico;01/01/2026;31/01/2026;2026;1;2026-01;Saída;Síndico Profissional;1920.0;0.0;1920.0;-1920.0;Balancete/Categorias;ca8a1815f560a4a25522b626ec65eb89
Pasta Digital 01_2026 Candelaria.pdf;CANDELÁRIA Síndico;01/01/2026;31/01/2026;2026;1;2026-01;Saída;Tarifa bancária;35.0;0.0;35.0;-35.0;Balancete/Categorias;a2b4029ea8b04c91d5a3fcf641fe4045
Pasta Digital 01_2026 Candelaria.pdf;CANDELÁRIA Síndico;01/01/2026;31/01/2026;2026;1;2026-01;Saída;Taxa de Administração de Água e-ou Gás;400.0;0.0;400.0;-400.0;Balancete/Categorias;a324bbc153098c2e8d785973f44adc74
Pasta Digital 01_2026 Candelaria.pdf;CANDELÁRIA Síndico;01/01/2026;31/01/2026;2026;1;2026-01;Saída;Água e Esgoto;7497.26;0.0;7497.26;-7497.26;Balancete/Categorias;d63f1e1ea998953ffd285575d7c92990
Pasta Digital 02_2026 Candelaria.pdf;CANDELÁRIA Síndico;01/02/2026;28/02/2026;2026;2;2026-02;Entrada;Atualização Monetária;1.74;1.74;0.0;1.74;Balancete/Categorias;ae0626569e0d6ba95c0ed28bfdb39819
Pasta Digital 02_2026 Candelaria.pdf;CANDELÁRIA Síndico;01/02/2026;28/02/2026;2026;2;2026-02;Entrada;Cotas do Mês;11620.27;11620.27;0.0;11620.27;Balancete/Categorias;467df17ee06e76319643ec763f9e711f
Pasta Digital 02_2026 Candelaria.pdf;CANDELÁRIA Síndico;01/02/2026;28/02/2026;2026;2;2026-02;Entrada;Fundo de Obras;1761.52;1761.52;0.0;1761.52;Balancete/Categorias;101a41ec53028fcebf1362ce9457f917
Pasta Digital 02_2026 Candelaria.pdf;CANDELÁRIA Síndico;01/02/2026;28/02/2026;2026;2;2026-02;Entrada;Honorário de Cobrança;55.72;55.72;0.0;55.72;Balancete/Categorias;47c9b9ad13afe147513facc997535a1d
Pasta Digital 02_2026 Candelaria.pdf;CANDELÁRIA Síndico;01/02/2026;28/02/2026;2026;2;2026-02;Entrada;Juros;68.66;68.66;0.0;68.66;Balancete/Categorias;f28aeaf0b91b7b9948d30e140a14d748
Pasta Digital 02_2026 Candelaria.pdf;CANDELÁRIA Síndico;01/02/2026;28/02/2026;2026;2;2026-02;Entrada;Multas;146.28;146.28;0.0;146.28;Balancete/Categorias;8e82591794a3c282f8f313fc483477e0
Pasta Digital 02_2026 Candelaria.pdf;CANDELÁRIA Síndico;01/02/2026;28/02/2026;2026;2;2026-02;Entrada;Outras Entradas;3.2;3.2;0.0;3.2;Balancete/Categorias;d1d27afaa433949e495fc1a3b4ba4f53
Pasta Digital 02_2026 Candelaria.pdf;CANDELÁRIA Síndico;01/02/2026;28/02/2026;2026;2;2026-02;Entrada;Pagamentos a Maior;14.91;14.91;0.0;14.91;Balancete/Categorias;9a7b4c7a183a17a41bd3532c5d68f899
Pasta Digital 02_2026 Candelaria.pdf;CANDELÁRIA Síndico;01/02/2026;28/02/2026;2026;2;2026-02;Entrada;Tarifa bancária;352.0;352.0;0.0;-352.0;Balancete/Categorias;cd90becd963077c5d68622da93bd9fd0
Pasta Digital 02_2026 Candelaria.pdf;CANDELÁRIA Síndico;01/02/2026;28/02/2026;2026;2;2026-02;Entrada;Taxa fixa Copasa;3415.12;3415.12;0.0;3415.12;Balancete/Categorias;8dd7f37317563aa73818ae17a2716ffd
Pasta Digital 02_2026 Candelaria.pdf;CANDELÁRIA Síndico;01/02/2026;28/02/2026;2026;2;2026-02;Entrada;Água;3725.46;3725.46;0.0;3725.46;Balancete/Categorias;88486fb711436687d640585deb8923e9
Pasta Digital 02_2026 Candelaria.pdf;CANDELÁRIA Síndico;01/02/2026;28/02/2026;2026;2;2026-02;Saída;Administradora de Condomínio;1714.45;0.0;1714.45;-1714.45;Balancete/Categorias;ed997dd535da9166fc929aab6baa386a
Pasta Digital 02_2026 Candelaria.pdf;CANDELÁRIA Síndico;01/02/2026;28/02/2026;2026;2;2026-02;Saída;Assessoria e Serviços Profissionais;3000.0;0.0;3000.0;-3000.0;Balancete/Categorias;b23dd407ca9bee22fe763cebf64eefd5
Pasta Digital 02_2026 Candelaria.pdf;CANDELÁRIA Síndico;01/02/2026;28/02/2026;2026;2;2026-02;Saída;Chaveiro;80.0;0.0;80.0;-80.0;Balancete/Categorias;6b7c5643b9c1b4709f440e1dc48981d2
Pasta Digital 02_2026 Candelaria.pdf;CANDELÁRIA Síndico;01/02/2026;28/02/2026;2026;2;2026-02;Saída;Combustível;41.95;0.0;41.95;-41.95;Balancete/Categorias;ed3720469c485e716e55efdcafc6aeb0
Pasta Digital 02_2026 Candelaria.pdf;CANDELÁRIA Síndico;01/02/2026;28/02/2026;2026;2;2026-02;Saída;Conservadora;4511.12;0.0;4511.12;-4511.12;Balancete/Categorias;d5ffa485ce02e7ff3b23c318c14fc2e4
Pasta Digital 02_2026 Candelaria.pdf;CANDELÁRIA Síndico;01/02/2026;28/02/2026;2026;2;2026-02;Saída;Câmeras e Interfones;630.0;0.0;630.0;-630.0;Balancete/Categorias;8b572786b7c5e041d6f315bb75b07e50
Pasta Digital 02_2026 Candelaria.pdf;CANDELÁRIA Síndico;01/02/2026;28/02/2026;2026;2;2026-02;Saída;Dedetização - Controle de Pragas;2536.5;0.0;2536.5;-2536.5;Balancete/Categorias;1bfb1941b0cd0ffb50f158f371e0b8b1
Pasta Digital 02_2026 Candelaria.pdf;CANDELÁRIA Síndico;01/02/2026;28/02/2026;2026;2;2026-02;Saída;Despesa com Processo Judicial;88.06;0.0;88.06;-88.06;Balancete/Categorias;dae7df5dc9048779ce1c9b5747f3385c
Pasta Digital 02_2026 Candelaria.pdf;CANDELÁRIA Síndico;01/02/2026;28/02/2026;2026;2;2026-02;Saída;Energia elétrica;819.27;0.0;819.27;-819.27;Balancete/Categorias;0dfa481f4cbb9017b021fbfa9b8dc985
Pasta Digital 02_2026 Candelaria.pdf;CANDELÁRIA Síndico;01/02/2026;28/02/2026;2026;2;2026-02;Saída;Honorários de cobrança;158.86;0.0;158.86;-158.86;Balancete/Categorias;0d42b2539c5b8c6992894bac515e9c5f
Pasta Digital 02_2026 Candelaria.pdf;CANDELÁRIA Síndico;01/02/2026;28/02/2026;2026;2;2026-02;Saída;INSS Notas;435.28;0.0;435.28;-435.28;Balancete/Categorias;ccc0bd9826b898a6b33dd17b0a194eb7
Pasta Digital 02_2026 Candelaria.pdf;CANDELÁRIA Síndico;01/02/2026;28/02/2026;2026;2;2026-02;Saída;Limpeza Caixas de gordura - Água;516.2;0.0;516.2;-516.2;Balancete/Categorias;e8ccbb17040f6907c55a10a17f9c65c0
Pasta Digital 02_2026 Candelaria.pdf;CANDELÁRIA Síndico;01/02/2026;28/02/2026;2026;2;2026-02;Saída;Limpeza e conservação;216.3;0.0;216.3;-216.3;Balancete/Categorias;c624d3001415e8357a2c099a10b71a13
Pasta Digital 02_2026 Candelaria.pdf;CANDELÁRIA Síndico;01/02/2026;28/02/2026;2026;2;2026-02;Saída;Locação de Equipamentos;380.0;0.0;380.0;-380.0;Balancete/Categorias;c533e193ff2a52077ff8457a51c08e8a
Pasta Digital 02_2026 Candelaria.pdf;CANDELÁRIA Síndico;01/02/2026;28/02/2026;2026;2;2026-02;Saída;Manutenção Geral;1860.0;0.0;1860.0;-1860.0;Balancete/Categorias;aa02176c0826b86e4d6d93456c2b58cf
Pasta Digital 02_2026 Candelaria.pdf;CANDELÁRIA Síndico;01/02/2026;28/02/2026;2026;2;2026-02;Saída;Reformas em geral;16650.0;0.0;16650.0;-16650.0;Balancete/Categorias;52ea431c7bc40f07dc682d01a407c354
Pasta Digital 02_2026 Candelaria.pdf;CANDELÁRIA Síndico;01/02/2026;28/02/2026;2026;2;2026-02;Saída;Seguro obrigatório;275.64;0.0;275.64;-275.64;Balancete/Categorias;7c440f99c6af53e5f571178ece7c088c
Pasta Digital 02_2026 Candelaria.pdf;CANDELÁRIA Síndico;01/02/2026;28/02/2026;2026;2;2026-02;Saída;Síndico Profissional;1920.0;0.0;1920.0;-1920.0;Balancete/Categorias;effe72f9c7231e145963d2737e2de0cd
Pasta Digital 02_2026 Candelaria.pdf;CANDELÁRIA Síndico;01/02/2026;28/02/2026;2026;2;2026-02;Saída;Tarifa bancária;35.0;0.0;35.0;-35.0;Balancete/Categorias;bd55c0d57b4e6412337047265ffbeb75
Pasta Digital 02_2026 Candelaria.pdf;CANDELÁRIA Síndico;01/02/2026;28/02/2026;2026;2;2026-02;Saída;Taxa de Administração de Água e-ou Gás;400.0;0.0;400.0;-400.0;Balancete/Categorias;c4d6efbb3f8046a415abbc8df8f55bba
Pasta Digital 02_2026 Candelaria.pdf;CANDELÁRIA Síndico;01/02/2026;28/02/2026;2026;2;2026-02;Saída;Água e Esgoto;8731.75;0.0;8731.75;-8731.75;Balancete/Categorias;34a28c28213ca503dfb6b392566915b6
Pasta Digital 03_2026 Candelaria.pdf;CANDELÁRIA Síndico;01/03/2026;31/03/2026;2026;3;2026-03;Entrada;Atualização Monetária;8.5;8.5;0.0;8.5;Balancete/Categorias;e0efd5a39ea7fd397d2d92425418543c
Pasta Digital 03_2026 Candelaria.pdf;CANDELÁRIA Síndico;01/03/2026;31/03/2026;2026;3;2026-03;Entrada;Cotas do Mês;13063.1;13063.1;0.0;13063.1;Balancete/Categorias;93b3b38f21a98aacc4cc60b82cd11463
Pasta Digital 03_2026 Candelaria.pdf;CANDELÁRIA Síndico;01/03/2026;31/03/2026;2026;3;2026-03;Entrada;Fundo de Obras;1975.27;1975.27;0.0;1975.27;Balancete/Categorias;dd42c97619e99ec8c11247811782c90b
Pasta Digital 03_2026 Candelaria.pdf;CANDELÁRIA Síndico;01/03/2026;31/03/2026;2026;3;2026-03;Entrada;Honorário de Cobrança;304.85;304.85;0.0;304.85;Balancete/Categorias;02cc3a9bc019329981a4b7aa5c5bd111
Pasta Digital 03_2026 Candelaria.pdf;CANDELÁRIA Síndico;01/03/2026;31/03/2026;2026;3;2026-03;Entrada;Juros;107.8;107.8;0.0;107.8;Balancete/Categorias;789b5ffac84cf3c9a7f59f26f99f9ee9
Pasta Digital 03_2026 Candelaria.pdf;CANDELÁRIA Síndico;01/03/2026;31/03/2026;2026;3;2026-03;Entrada;Multas;226.99;226.99;0.0;226.99;Balancete/Categorias;64b5879d1a5182a7ad7711019d3feea8
Pasta Digital 03_2026 Candelaria.pdf;CANDELÁRIA Síndico;01/03/2026;31/03/2026;2026;3;2026-03;Entrada;Outras Entradas;3.8;3.8;0.0;3.8;Balancete/Categorias;353b9b97ec82f4b13196de6963651b07
Pasta Digital 03_2026 Candelaria.pdf;CANDELÁRIA Síndico;01/03/2026;31/03/2026;2026;3;2026-03;Entrada;Pagamentos a Maior;10.45;10.45;0.0;-10.45;Balancete/Categorias;302afb37864fa9f7a76cc7935ea9adbe
Pasta Digital 03_2026 Candelaria.pdf;CANDELÁRIA Síndico;01/03/2026;31/03/2026;2026;3;2026-03;Entrada;Tarifa bancária;388.0;388.0;0.0;-388.0;Balancete/Categorias;40d5ec5b635838f26e633f8b0e4030ec
Pasta Digital 03_2026 Candelaria.pdf;CANDELÁRIA Síndico;01/03/2026;31/03/2026;2026;3;2026-03;Entrada;Taxa fixa Copasa;4211.29;4211.29;0.0;4211.29;Balancete/Categorias;932e3ba54b46be45015c42786623fd27
Pasta Digital 03_2026 Candelaria.pdf;CANDELÁRIA Síndico;01/03/2026;31/03/2026;2026;3;2026-03;Entrada;Água;4453.78;4453.78;0.0;4453.78;Balancete/Categorias;28cb5e59242d296e453dae1925771c56
Pasta Digital 03_2026 Candelaria.pdf;CANDELÁRIA Síndico;01/03/2026;31/03/2026;2026;3;2026-03;Saída;Administradora de Condomínio;1714.45;0.0;1714.45;-1714.45;Balancete/Categorias;ad0c8f4c71da6c3592e2e18c6526cb1f
Pasta Digital 03_2026 Candelaria.pdf;CANDELÁRIA Síndico;01/03/2026;31/03/2026;2026;3;2026-03;Saída;Conservadora;4511.12;0.0;4511.12;-4511.12;Balancete/Categorias;d589d08caa3ae9f20b1f580ec536e13e
Pasta Digital 03_2026 Candelaria.pdf;CANDELÁRIA Síndico;01/03/2026;31/03/2026;2026;3;2026-03;Saída;Câmeras e Interfones;1500.0;0.0;1500.0;-1500.0;Balancete/Categorias;e7b156478b93654444fbc93dc8e8922f
Pasta Digital 03_2026 Candelaria.pdf;CANDELÁRIA Síndico;01/03/2026;31/03/2026;2026;3;2026-03;Saída;Energia elétrica;745.25;0.0;745.25;-745.25;Balancete/Categorias;a3adf1db6ec1e90b9c39af8f13332b82
Pasta Digital 03_2026 Candelaria.pdf;CANDELÁRIA Síndico;01/03/2026;31/03/2026;2026;3;2026-03;Saída;Honorários de cobrança;55.72;0.0;55.72;-55.72;Balancete/Categorias;1867692ac92b0aeb586c378657346350
Pasta Digital 03_2026 Candelaria.pdf;CANDELÁRIA Síndico;01/03/2026;31/03/2026;2026;3;2026-03;Saída;INSS Notas;3019.34;0.0;3019.34;-3019.34;Balancete/Categorias;f5dcc19d2d49faf9205ae41d45805f90
Pasta Digital 03_2026 Candelaria.pdf;CANDELÁRIA Síndico;01/03/2026;31/03/2026;2026;3;2026-03;Saída;Reformas em geral;4939.4;0.0;4939.4;-4939.4;Balancete/Categorias;c462cf01bbc45dd4eef8314aa714c864
Pasta Digital 03_2026 Candelaria.pdf;CANDELÁRIA Síndico;01/03/2026;31/03/2026;2026;3;2026-03;Saída;Síndico Profissional;3072.0;0.0;3072.0;-3072.0;Balancete/Categorias;84725891c2719ca3105fa914e85dc024
Pasta Digital 03_2026 Candelaria.pdf;CANDELÁRIA Síndico;01/03/2026;31/03/2026;2026;3;2026-03;Saída;Tarifa bancária;35.0;0.0;35.0;-35.0;Balancete/Categorias;81b54ddcfca8d2137bcaf91cb121e290
Pasta Digital 03_2026 Candelaria.pdf;CANDELÁRIA Síndico;01/03/2026;31/03/2026;2026;3;2026-03;Saída;Taxa de Administração de Água e-ou Gás;400.0;0.0;400.0;-400.0;Balancete/Categorias;9ed6558fdbfb497029ce63dec2a57427
Pasta Digital 03_2026 Candelaria.pdf;CANDELÁRIA Síndico;01/03/2026;31/03/2026;2026;3;2026-03;Saída;Água e Esgoto;7725.96;0.0;7725.96;-7725.96;Balancete/Categorias;d5bd5f189ce4a531d352cb1cffa72666
